FirstStage , RootNode , buys , 1101 , 0.0
FirstStage , RootNode , buys , 1102 , 0.0
FirstStage , RootNode , buys , 1103 , 0.0
FirstStage , RootNode , buys , 1104 , 997008.973081
FirstStage , RootNode , buys , 1108 , 0.0
FirstStage , RootNode , sells , 1101 , 0.0
FirstStage , RootNode , sells , 1102 , 0.0
FirstStage , RootNode , sells , 1103 , 0.0
FirstStage , RootNode , sells , 1104 , 0.0
FirstStage , RootNode , sells , 1108 , 0.0
FirstStage , RootNode , FirstStageWealth , None , 0.0
SecondStage , Node99 , riskFreeWealth , None , 0.0
SecondStage , Node99 , riskyWealth , 1101 , 0.0
SecondStage , Node99 , riskyWealth , 1102 , 0.0
SecondStage , Node99 , riskyWealth , 1103 , 0.0
SecondStage , Node99 , riskyWealth , 1104 , 997008.973081
SecondStage , Node99 , riskyWealth , 1108 , 0.0
SecondStage , Node99 , SecondStageWealth , None , 1017926.22134
SecondStage , Node98 , riskFreeWealth , None , 0.0
SecondStage , Node98 , riskyWealth , 1101 , 0.0
SecondStage , Node98 , riskyWealth , 1102 , 0.0
SecondStage , Node98 , riskyWealth , 1103 , 0.0
SecondStage , Node98 , riskyWealth , 1104 , 997008.973081
SecondStage , Node98 , riskyWealth , 1108 , 0.0
SecondStage , Node98 , SecondStageWealth , None , 1007238.28514
SecondStage , Node91 , riskFreeWealth , None , 0.0
SecondStage , Node91 , riskyWealth , 1101 , 0.0
SecondStage , Node91 , riskyWealth , 1102 , 0.0
SecondStage , Node91 , riskyWealth , 1103 , 0.0
SecondStage , Node91 , riskyWealth , 1104 , 997008.973081
SecondStage , Node91 , riskyWealth , 1108 , 0.0
SecondStage , Node91 , SecondStageWealth , None , 1018524.42672
SecondStage , Node90 , riskyWealth , 1103 , 0.0
SecondStage , Node90 , riskyWealth , 1104 , 997008.973081
SecondStage , Node90 , riskyWealth , 1108 , 0.0
SecondStage , Node90 , riskFreeWealth , None , 0.0
SecondStage , Node90 , riskyWealth , 1101 , 0.0
SecondStage , Node90 , riskyWealth , 1102 , 0.0
SecondStage , Node90 , SecondStageWealth , None , 1008743.76869
SecondStage , Node93 , riskFreeWealth , None , 0.0
SecondStage , Node93 , riskyWealth , 1101 , 0.0
SecondStage , Node93 , riskyWealth , 1102 , 0.0
SecondStage , Node93 , riskyWealth , 1103 , 0.0
SecondStage , Node93 , riskyWealth , 1104 , 997008.973081
SecondStage , Node93 , riskyWealth , 1108 , 0.0
SecondStage , Node93 , SecondStageWealth , None , 1015254.23729
SecondStage , Node92 , riskFreeWealth , None , 0.0
SecondStage , Node92 , riskyWealth , 1101 , 0.0
SecondStage , Node92 , riskyWealth , 1102 , 0.0
SecondStage , Node92 , riskyWealth , 1103 , 0.0
SecondStage , Node92 , riskyWealth , 1104 , 997008.973081
SecondStage , Node92 , riskyWealth , 1108 , 0.0
SecondStage , Node92 , SecondStageWealth , None , 1004995.01496
SecondStage , Node95 , riskFreeWealth , None , 0.0
SecondStage , Node95 , riskyWealth , 1101 , 0.0
SecondStage , Node95 , riskyWealth , 1102 , 0.0
SecondStage , Node95 , riskyWealth , 1103 , 0.0
SecondStage , Node95 , riskyWealth , 1104 , 997008.973081
SecondStage , Node95 , riskyWealth , 1108 , 0.0
SecondStage , Node95 , SecondStageWealth , None , 994406.779661
SecondStage , Node94 , riskFreeWealth , None , 0.0
SecondStage , Node94 , riskyWealth , 1101 , 0.0
SecondStage , Node94 , riskyWealth , 1102 , 0.0
SecondStage , Node94 , riskyWealth , 1103 , 0.0
SecondStage , Node94 , riskyWealth , 1104 , 997008.973081
SecondStage , Node94 , riskyWealth , 1108 , 0.0
SecondStage , Node94 , SecondStageWealth , None , 996630.109671
SecondStage , Node97 , riskyWealth , 1108 , 0.0
SecondStage , Node97 , riskFreeWealth , None , 0.0
SecondStage , Node97 , riskyWealth , 1101 , 0.0
SecondStage , Node97 , riskyWealth , 1102 , 0.0
SecondStage , Node97 , riskyWealth , 1103 , 0.0
SecondStage , Node97 , riskyWealth , 1104 , 997008.973081
SecondStage , Node97 , SecondStageWealth , None , 987078.763709
SecondStage , Node96 , riskFreeWealth , None , 0.0
SecondStage , Node96 , riskyWealth , 1101 , 0.0
SecondStage , Node96 , riskyWealth , 1102 , 0.0
SecondStage , Node96 , riskyWealth , 1103 , 0.0
SecondStage , Node96 , riskyWealth , 1104 , 997008.973081
SecondStage , Node96 , riskyWealth , 1108 , 0.0
SecondStage , Node96 , SecondStageWealth , None , 1017607.17846
SecondStage , Node9 , riskFreeWealth , None , 0.0
SecondStage , Node9 , riskyWealth , 1101 , 0.0
SecondStage , Node9 , riskyWealth , 1102 , 0.0
SecondStage , Node9 , riskyWealth , 1103 , 0.0
SecondStage , Node9 , riskyWealth , 1104 , 997008.973081
SecondStage , Node9 , riskyWealth , 1108 , 0.0
SecondStage , Node9 , SecondStageWealth , None , 998305.084746
SecondStage , Node8 , riskFreeWealth , None , 0.0
SecondStage , Node8 , riskyWealth , 1101 , 0.0
SecondStage , Node8 , riskyWealth , 1102 , 0.0
SecondStage , Node8 , riskyWealth , 1103 , 0.0
SecondStage , Node8 , riskyWealth , 1104 , 997008.973081
SecondStage , Node8 , riskyWealth , 1108 , 0.0
SecondStage , Node8 , SecondStageWealth , None , 1007118.64407
SecondStage , Node1 , riskFreeWealth , None , 0.0
SecondStage , Node1 , riskyWealth , 1101 , 0.0
SecondStage , Node1 , riskyWealth , 1102 , 0.0
SecondStage , Node1 , riskyWealth , 1103 , 0.0
SecondStage , Node1 , riskyWealth , 1104 , 997008.973081
SecondStage , Node1 , riskyWealth , 1108 , 0.0
SecondStage , Node1 , SecondStageWealth , None , 972113.659023
SecondStage , Node0 , riskFreeWealth , None , 0.0
SecondStage , Node0 , riskyWealth , 1101 , 0.0
SecondStage , Node0 , riskyWealth , 1102 , 0.0
SecondStage , Node0 , riskyWealth , 1103 , 0.0
SecondStage , Node0 , riskyWealth , 1104 , 997008.973081
SecondStage , Node0 , riskyWealth , 1108 , 0.0
SecondStage , Node0 , SecondStageWealth , None , 997537.387836
SecondStage , Node3 , riskyWealth , 1101 , 0.0
SecondStage , Node3 , riskyWealth , 1102 , 0.0
SecondStage , Node3 , riskyWealth , 1103 , 0.0
SecondStage , Node3 , riskyWealth , 1104 , 997008.973081
SecondStage , Node3 , riskyWealth , 1108 , 0.0
SecondStage , Node3 , riskFreeWealth , None , 0.0
SecondStage , Node3 , SecondStageWealth , None , 987846.460618
SecondStage , Node2 , riskFreeWealth , None , 0.0
SecondStage , Node2 , riskyWealth , 1101 , 0.0
SecondStage , Node2 , riskyWealth , 1102 , 0.0
SecondStage , Node2 , riskyWealth , 1103 , 0.0
SecondStage , Node2 , riskyWealth , 1104 , 997008.973081
SecondStage , Node2 , riskyWealth , 1108 , 0.0
SecondStage , Node2 , SecondStageWealth , None , 1019591.22632
SecondStage , Node5 , riskFreeWealth , None , 0.0
SecondStage , Node5 , riskyWealth , 1101 , 0.0
SecondStage , Node5 , riskyWealth , 1102 , 0.0
SecondStage , Node5 , riskyWealth , 1103 , 0.0
SecondStage , Node5 , riskyWealth , 1104 , 997008.973081
SecondStage , Node5 , riskyWealth , 1108 , 0.0
SecondStage , Node5 , SecondStageWealth , None , 1022283.15055
SecondStage , Node4 , riskFreeWealth , None , 0.0
SecondStage , Node4 , riskyWealth , 1101 , 0.0
SecondStage , Node4 , riskyWealth , 1102 , 0.0
SecondStage , Node4 , riskyWealth , 1103 , 0.0
SecondStage , Node4 , riskyWealth , 1104 , 997008.973081
SecondStage , Node4 , riskyWealth , 1108 , 0.0
SecondStage , Node4 , SecondStageWealth , None , 1013898.30508
SecondStage , Node7 , riskFreeWealth , None , 0.0
SecondStage , Node7 , riskyWealth , 1101 , 0.0
SecondStage , Node7 , riskyWealth , 1102 , 0.0
SecondStage , Node7 , riskyWealth , 1103 , 0.0
SecondStage , Node7 , riskyWealth , 1104 , 997008.973081
SecondStage , Node7 , riskyWealth , 1108 , 0.0
SecondStage , Node7 , SecondStageWealth , None , 1031714.85543
SecondStage , Node6 , riskyWealth , 1103 , 0.0
SecondStage , Node6 , riskyWealth , 1104 , 997008.973081
SecondStage , Node6 , riskyWealth , 1108 , 0.0
SecondStage , Node6 , riskFreeWealth , None , 0.0
SecondStage , Node6 , riskyWealth , 1101 , 0.0
SecondStage , Node6 , riskyWealth , 1102 , 0.0
SecondStage , Node6 , SecondStageWealth , None , 1003738.78365
SecondStage , Node11 , riskFreeWealth , None , 0.0
SecondStage , Node11 , riskyWealth , 1101 , 0.0
SecondStage , Node11 , riskyWealth , 1102 , 0.0
SecondStage , Node11 , riskyWealth , 1103 , 0.0
SecondStage , Node11 , riskyWealth , 1104 , 997008.973081
SecondStage , Node11 , riskyWealth , 1108 , 0.0
SecondStage , Node11 , SecondStageWealth , None , 993758.723829
SecondStage , Node10 , riskFreeWealth , None , 0.0
SecondStage , Node10 , riskyWealth , 1101 , 0.0
SecondStage , Node10 , riskyWealth , 1102 , 0.0
SecondStage , Node10 , riskyWealth , 1103 , 0.0
SecondStage , Node10 , riskyWealth , 1104 , 997008.973081
SecondStage , Node10 , riskyWealth , 1108 , 0.0
SecondStage , Node10 , SecondStageWealth , None , 998374.875374
SecondStage , Node13 , riskFreeWealth , None , 0.0
SecondStage , Node13 , riskyWealth , 1101 , 0.0
SecondStage , Node13 , riskyWealth , 1102 , 0.0
SecondStage , Node13 , riskyWealth , 1103 , 0.0
SecondStage , Node13 , riskyWealth , 1104 , 997008.973081
SecondStage , Node13 , riskyWealth , 1108 , 0.0
SecondStage , Node13 , SecondStageWealth , None , 1022791.62512
SecondStage , Node12 , riskFreeWealth , None , 0.0
SecondStage , Node12 , riskyWealth , 1101 , 0.0
SecondStage , Node12 , riskyWealth , 1102 , 0.0
SecondStage , Node12 , riskyWealth , 1103 , 0.0
SecondStage , Node12 , riskyWealth , 1104 , 997008.973081
SecondStage , Node12 , riskyWealth , 1108 , 0.0
SecondStage , Node12 , SecondStageWealth , None , 985752.741775
SecondStage , Node15 , riskyWealth , 1108 , 0.0
SecondStage , Node15 , riskFreeWealth , None , 0.0
SecondStage , Node15 , riskyWealth , 1101 , 0.0
SecondStage , Node15 , riskyWealth , 1102 , 0.0
SecondStage , Node15 , riskyWealth , 1103 , 0.0
SecondStage , Node15 , riskyWealth , 1104 , 997008.973081
SecondStage , Node15 , SecondStageWealth , None , 998404.785643
SecondStage , Node14 , riskFreeWealth , None , 0.0
SecondStage , Node14 , riskyWealth , 1101 , 0.0
SecondStage , Node14 , riskyWealth , 1102 , 0.0
SecondStage , Node14 , riskyWealth , 1103 , 0.0
SecondStage , Node14 , riskyWealth , 1104 , 997008.973081
SecondStage , Node14 , riskyWealth , 1108 , 0.0
SecondStage , Node14 , SecondStageWealth , None , 1015533.3998
SecondStage , Node17 , riskFreeWealth , None , 0.0
SecondStage , Node17 , riskyWealth , 1101 , 0.0
SecondStage , Node17 , riskyWealth , 1102 , 0.0
SecondStage , Node17 , riskyWealth , 1103 , 0.0
SecondStage , Node17 , riskyWealth , 1104 , 997008.973081
SecondStage , Node17 , riskyWealth , 1108 , 0.0
SecondStage , Node17 , SecondStageWealth , None , 987956.131605
SecondStage , Node16 , riskFreeWealth , None , 0.0
SecondStage , Node16 , riskyWealth , 1101 , 0.0
SecondStage , Node16 , riskyWealth , 1102 , 0.0
SecondStage , Node16 , riskyWealth , 1103 , 0.0
SecondStage , Node16 , riskyWealth , 1104 , 997008.973081
SecondStage , Node16 , riskyWealth , 1108 , 0.0
SecondStage , Node16 , SecondStageWealth , None , 997766.6999
SecondStage , Node19 , riskFreeWealth , None , 0.0
SecondStage , Node19 , riskyWealth , 1101 , 0.0
SecondStage , Node19 , riskyWealth , 1102 , 0.0
SecondStage , Node19 , riskyWealth , 1103 , 0.0
SecondStage , Node19 , riskyWealth , 1104 , 997008.973081
SecondStage , Node19 , riskyWealth , 1108 , 0.0
SecondStage , Node19 , SecondStageWealth , None , 1006271.18644
SecondStage , Node18 , riskFreeWealth , None , 0.0
SecondStage , Node18 , riskyWealth , 1101 , 0.0
SecondStage , Node18 , riskyWealth , 1102 , 0.0
SecondStage , Node18 , riskyWealth , 1103 , 0.0
SecondStage , Node18 , riskyWealth , 1104 , 997008.973081
SecondStage , Node18 , riskyWealth , 1108 , 0.0
SecondStage , Node18 , SecondStageWealth , None , 1007138.58425
SecondStage , Node28 , riskyWealth , 1101 , 0.0
SecondStage , Node28 , riskyWealth , 1102 , 0.0
SecondStage , Node28 , riskyWealth , 1103 , 0.0
SecondStage , Node28 , riskyWealth , 1104 , 997008.973081
SecondStage , Node28 , riskyWealth , 1108 , 0.0
SecondStage , Node28 , riskFreeWealth , None , 0.0
SecondStage , Node28 , SecondStageWealth , None , 998205.383848
SecondStage , Node29 , riskFreeWealth , None , 0.0
SecondStage , Node29 , riskyWealth , 1101 , 0.0
SecondStage , Node29 , riskyWealth , 1102 , 0.0
SecondStage , Node29 , riskyWealth , 1103 , 0.0
SecondStage , Node29 , riskyWealth , 1104 , 997008.973081
SecondStage , Node29 , riskyWealth , 1108 , 0.0
SecondStage , Node29 , SecondStageWealth , None , 1014476.57029
SecondStage , Node24 , riskFreeWealth , None , 0.0
SecondStage , Node24 , riskyWealth , 1101 , 0.0
SecondStage , Node24 , riskyWealth , 1102 , 0.0
SecondStage , Node24 , riskyWealth , 1103 , 0.0
SecondStage , Node24 , riskyWealth , 1104 , 997008.973081
SecondStage , Node24 , riskyWealth , 1108 , 0.0
SecondStage , Node24 , SecondStageWealth , None , 984576.271186
SecondStage , Node25 , riskFreeWealth , None , 0.0
SecondStage , Node25 , riskyWealth , 1101 , 0.0
SecondStage , Node25 , riskyWealth , 1102 , 0.0
SecondStage , Node25 , riskyWealth , 1103 , 0.0
SecondStage , Node25 , riskyWealth , 1104 , 997008.973081
SecondStage , Node25 , riskyWealth , 1108 , 0.0
SecondStage , Node25 , SecondStageWealth , None , 981445.663011
SecondStage , Node26 , riskFreeWealth , None , 0.0
SecondStage , Node26 , riskyWealth , 1101 , 0.0
SecondStage , Node26 , riskyWealth , 1102 , 0.0
SecondStage , Node26 , riskyWealth , 1103 , 0.0
SecondStage , Node26 , riskyWealth , 1104 , 997008.973081
SecondStage , Node26 , riskyWealth , 1108 , 0.0
SecondStage , Node26 , SecondStageWealth , None , 1019272.18345
SecondStage , Node27 , riskyWealth , 1103 , 0.0
SecondStage , Node27 , riskyWealth , 1104 , 997008.973081
SecondStage , Node27 , riskyWealth , 1108 , 0.0
SecondStage , Node27 , riskFreeWealth , None , 0.0
SecondStage , Node27 , riskyWealth , 1101 , 0.0
SecondStage , Node27 , riskyWealth , 1102 , 0.0
SecondStage , Node27 , SecondStageWealth , None , 1024017.94616
SecondStage , Node20 , riskFreeWealth , None , 0.0
SecondStage , Node20 , riskyWealth , 1101 , 0.0
SecondStage , Node20 , riskyWealth , 1102 , 0.0
SecondStage , Node20 , riskyWealth , 1103 , 0.0
SecondStage , Node20 , riskyWealth , 1104 , 997008.973081
SecondStage , Node20 , riskyWealth , 1108 , 0.0
SecondStage , Node20 , SecondStageWealth , None , 1022372.88136
SecondStage , Node21 , riskFreeWealth , None , 0.0
SecondStage , Node21 , riskyWealth , 1101 , 0.0
SecondStage , Node21 , riskyWealth , 1102 , 0.0
SecondStage , Node21 , riskyWealth , 1103 , 0.0
SecondStage , Node21 , riskyWealth , 1104 , 997008.973081
SecondStage , Node21 , riskyWealth , 1108 , 0.0
SecondStage , Node21 , SecondStageWealth , None , 1029800.59821
SecondStage , Node22 , riskFreeWealth , None , 0.0
SecondStage , Node22 , riskyWealth , 1101 , 0.0
SecondStage , Node22 , riskyWealth , 1102 , 0.0
SecondStage , Node22 , riskyWealth , 1103 , 0.0
SecondStage , Node22 , riskyWealth , 1104 , 997008.973081
SecondStage , Node22 , riskyWealth , 1108 , 0.0
SecondStage , Node22 , SecondStageWealth , None , 1001774.67597
SecondStage , Node23 , riskFreeWealth , None , 0.0
SecondStage , Node23 , riskyWealth , 1101 , 0.0
SecondStage , Node23 , riskyWealth , 1102 , 0.0
SecondStage , Node23 , riskyWealth , 1103 , 0.0
SecondStage , Node23 , riskyWealth , 1104 , 997008.973081
SecondStage , Node23 , riskyWealth , 1108 , 0.0
SecondStage , Node23 , SecondStageWealth , None , 1015333.99801
SecondStage , Node39 , riskyWealth , 1108 , 0.0
SecondStage , Node39 , riskFreeWealth , None , 0.0
SecondStage , Node39 , riskyWealth , 1101 , 0.0
SecondStage , Node39 , riskyWealth , 1102 , 0.0
SecondStage , Node39 , riskyWealth , 1103 , 0.0
SecondStage , Node39 , riskyWealth , 1104 , 997008.973081
SecondStage , Node39 , SecondStageWealth , None , 988683.948156
SecondStage , Node38 , riskFreeWealth , None , 0.0
SecondStage , Node38 , riskyWealth , 1101 , 0.0
SecondStage , Node38 , riskyWealth , 1102 , 0.0
SecondStage , Node38 , riskyWealth , 1103 , 0.0
SecondStage , Node38 , riskyWealth , 1104 , 997008.973081
SecondStage , Node38 , riskyWealth , 1108 , 0.0
SecondStage , Node38 , SecondStageWealth , None , 1012023.92822
SecondStage , Node33 , riskFreeWealth , None , 0.0
SecondStage , Node33 , riskyWealth , 1101 , 0.0
SecondStage , Node33 , riskyWealth , 1102 , 0.0
SecondStage , Node33 , riskyWealth , 1103 , 0.0
SecondStage , Node33 , riskyWealth , 1104 , 997008.973081
SecondStage , Node33 , riskyWealth , 1108 , 0.0
SecondStage , Node33 , SecondStageWealth , None , 996101.694915
SecondStage , Node32 , riskFreeWealth , None , 0.0
SecondStage , Node32 , riskyWealth , 1101 , 0.0
SecondStage , Node32 , riskyWealth , 1102 , 0.0
SecondStage , Node32 , riskyWealth , 1103 , 0.0
SecondStage , Node32 , riskyWealth , 1104 , 997008.973081
SecondStage , Node32 , riskyWealth , 1108 , 0.0
SecondStage , Node32 , SecondStageWealth , None , 1000767.69691
SecondStage , Node31 , riskFreeWealth , None , 0.0
SecondStage , Node31 , riskyWealth , 1101 , 0.0
SecondStage , Node31 , riskyWealth , 1102 , 0.0
SecondStage , Node31 , riskyWealth , 1103 , 0.0
SecondStage , Node31 , riskyWealth , 1104 , 997008.973081
SecondStage , Node31 , riskyWealth , 1108 , 0.0
SecondStage , Node31 , SecondStageWealth , None , 965314.057827
SecondStage , Node30 , riskFreeWealth , None , 0.0
SecondStage , Node30 , riskyWealth , 1101 , 0.0
SecondStage , Node30 , riskyWealth , 1102 , 0.0
SecondStage , Node30 , riskyWealth , 1103 , 0.0
SecondStage , Node30 , riskyWealth , 1104 , 997008.973081
SecondStage , Node30 , riskyWealth , 1108 , 0.0
SecondStage , Node30 , SecondStageWealth , None , 1023270.18943
SecondStage , Node37 , riskyWealth , 1101 , 0.0
SecondStage , Node37 , riskyWealth , 1102 , 0.0
SecondStage , Node37 , riskyWealth , 1103 , 0.0
SecondStage , Node37 , riskyWealth , 1104 , 997008.973081
SecondStage , Node37 , riskyWealth , 1108 , 0.0
SecondStage , Node37 , riskFreeWealth , None , 0.0
SecondStage , Node37 , SecondStageWealth , None , 982791.625125
SecondStage , Node36 , riskFreeWealth , None , 0.0
SecondStage , Node36 , riskyWealth , 1101 , 0.0
SecondStage , Node36 , riskyWealth , 1102 , 0.0
SecondStage , Node36 , riskyWealth , 1103 , 0.0
SecondStage , Node36 , riskyWealth , 1104 , 997008.973081
SecondStage , Node36 , riskyWealth , 1108 , 0.0
SecondStage , Node36 , SecondStageWealth , None , 1009262.21336
SecondStage , Node35 , riskFreeWealth , None , 0.0
SecondStage , Node35 , riskyWealth , 1101 , 0.0
SecondStage , Node35 , riskyWealth , 1102 , 0.0
SecondStage , Node35 , riskyWealth , 1103 , 0.0
SecondStage , Node35 , riskyWealth , 1104 , 997008.973081
SecondStage , Node35 , riskyWealth , 1108 , 0.0
SecondStage , Node35 , SecondStageWealth , None , 1001455.6331
SecondStage , Node34 , riskFreeWealth , None , 0.0
SecondStage , Node34 , riskyWealth , 1101 , 0.0
SecondStage , Node34 , riskyWealth , 1102 , 0.0
SecondStage , Node34 , riskyWealth , 1103 , 0.0
SecondStage , Node34 , riskyWealth , 1104 , 997008.973081
SecondStage , Node34 , riskyWealth , 1108 , 0.0
SecondStage , Node34 , SecondStageWealth , None , 983908.275174
SecondStage , Node48 , riskFreeWealth , None , 0.0
SecondStage , Node48 , riskyWealth , 1101 , 0.0
SecondStage , Node48 , riskyWealth , 1102 , 0.0
SecondStage , Node48 , riskyWealth , 1103 , 0.0
SecondStage , Node48 , riskyWealth , 1104 , 997008.973081
SecondStage , Node48 , riskyWealth , 1108 , 0.0
SecondStage , Node48 , SecondStageWealth , None , 1011545.36391
SecondStage , Node49 , riskyWealth , 1103 , 0.0
SecondStage , Node49 , riskyWealth , 1104 , 997008.973081
SecondStage , Node49 , riskyWealth , 1108 , 0.0
SecondStage , Node49 , riskFreeWealth , None , 0.0
SecondStage , Node49 , riskyWealth , 1101 , 0.0
SecondStage , Node49 , riskyWealth , 1102 , 0.0
SecondStage , Node49 , SecondStageWealth , None , 973200.398804
SecondStage , Node46 , riskFreeWealth , None , 0.0
SecondStage , Node46 , riskyWealth , 1101 , 0.0
SecondStage , Node46 , riskyWealth , 1102 , 0.0
SecondStage , Node46 , riskyWealth , 1103 , 0.0
SecondStage , Node46 , riskyWealth , 1104 , 997008.973081
SecondStage , Node46 , riskyWealth , 1108 , 0.0
SecondStage , Node46 , SecondStageWealth , None , 1015972.08375
SecondStage , Node47 , riskFreeWealth , None , 0.0
SecondStage , Node47 , riskyWealth , 1101 , 0.0
SecondStage , Node47 , riskyWealth , 1102 , 0.0
SecondStage , Node47 , riskyWealth , 1103 , 0.0
SecondStage , Node47 , riskyWealth , 1104 , 997008.973081
SecondStage , Node47 , riskyWealth , 1108 , 0.0
SecondStage , Node47 , SecondStageWealth , None , 1005942.17348
SecondStage , Node44 , riskFreeWealth , None , 0.0
SecondStage , Node44 , riskyWealth , 1101 , 0.0
SecondStage , Node44 , riskyWealth , 1102 , 0.0
SecondStage , Node44 , riskyWealth , 1103 , 0.0
SecondStage , Node44 , riskyWealth , 1104 , 997008.973081
SecondStage , Node44 , riskyWealth , 1108 , 0.0
SecondStage , Node44 , SecondStageWealth , None , 994566.301097
SecondStage , Node45 , riskFreeWealth , None , 0.0
SecondStage , Node45 , riskyWealth , 1101 , 0.0
SecondStage , Node45 , riskyWealth , 1102 , 0.0
SecondStage , Node45 , riskyWealth , 1103 , 0.0
SecondStage , Node45 , riskyWealth , 1104 , 997008.973081
SecondStage , Node45 , riskyWealth , 1108 , 0.0
SecondStage , Node45 , SecondStageWealth , None , 1026470.58824
SecondStage , Node42 , riskyWealth , 1108 , 0.0
SecondStage , Node42 , riskFreeWealth , None , 0.0
SecondStage , Node42 , riskyWealth , 1101 , 0.0
SecondStage , Node42 , riskyWealth , 1102 , 0.0
SecondStage , Node42 , riskyWealth , 1103 , 0.0
SecondStage , Node42 , riskyWealth , 1104 , 997008.973081
SecondStage , Node42 , SecondStageWealth , None , 994755.732802
SecondStage , Node43 , riskFreeWealth , None , 0.0
SecondStage , Node43 , riskyWealth , 1101 , 0.0
SecondStage , Node43 , riskyWealth , 1102 , 0.0
SecondStage , Node43 , riskyWealth , 1103 , 0.0
SecondStage , Node43 , riskyWealth , 1104 , 997008.973081
SecondStage , Node43 , riskyWealth , 1108 , 0.0
SecondStage , Node43 , SecondStageWealth , None , 993828.514457
SecondStage , Node40 , riskFreeWealth , None , 0.0
SecondStage , Node40 , riskyWealth , 1101 , 0.0
SecondStage , Node40 , riskyWealth , 1102 , 0.0
SecondStage , Node40 , riskyWealth , 1103 , 0.0
SecondStage , Node40 , riskyWealth , 1104 , 997008.973081
SecondStage , Node40 , riskyWealth , 1108 , 0.0
SecondStage , Node40 , SecondStageWealth , None , 1004287.13858
SecondStage , Node41 , riskFreeWealth , None , 0.0
SecondStage , Node41 , riskyWealth , 1101 , 0.0
SecondStage , Node41 , riskyWealth , 1102 , 0.0
SecondStage , Node41 , riskyWealth , 1103 , 0.0
SecondStage , Node41 , riskyWealth , 1104 , 997008.973081
SecondStage , Node41 , riskyWealth , 1108 , 0.0
SecondStage , Node41 , SecondStageWealth , None , 1009810.5683
SecondStage , Node59 , riskFreeWealth , None , 0.0
SecondStage , Node59 , riskyWealth , 1101 , 0.0
SecondStage , Node59 , riskyWealth , 1102 , 0.0
SecondStage , Node59 , riskyWealth , 1103 , 0.0
SecondStage , Node59 , riskyWealth , 1104 , 997008.973081
SecondStage , Node59 , riskyWealth , 1108 , 0.0
SecondStage , Node59 , SecondStageWealth , None , 1004037.88634
SecondStage , Node58 , riskFreeWealth , None , 0.0
SecondStage , Node58 , riskyWealth , 1101 , 0.0
SecondStage , Node58 , riskyWealth , 1102 , 0.0
SecondStage , Node58 , riskyWealth , 1103 , 0.0
SecondStage , Node58 , riskyWealth , 1104 , 997008.973081
SecondStage , Node58 , riskyWealth , 1108 , 0.0
SecondStage , Node58 , SecondStageWealth , None , 952711.864407
SecondStage , Node55 , riskyWealth , 1101 , 0.0
SecondStage , Node55 , riskyWealth , 1102 , 0.0
SecondStage , Node55 , riskyWealth , 1103 , 0.0
SecondStage , Node55 , riskyWealth , 1104 , 997008.973081
SecondStage , Node55 , riskyWealth , 1108 , 0.0
SecondStage , Node55 , riskFreeWealth , None , 0.0
SecondStage , Node55 , SecondStageWealth , None , 1027886.34098
SecondStage , Node54 , riskFreeWealth , None , 0.0
SecondStage , Node54 , riskyWealth , 1101 , 0.0
SecondStage , Node54 , riskyWealth , 1102 , 0.0
SecondStage , Node54 , riskyWealth , 1103 , 0.0
SecondStage , Node54 , riskyWealth , 1104 , 997008.973081
SecondStage , Node54 , riskyWealth , 1108 , 0.0
SecondStage , Node54 , SecondStageWealth , None , 1002003.98804
SecondStage , Node57 , riskFreeWealth , None , 0.0
SecondStage , Node57 , riskyWealth , 1101 , 0.0
SecondStage , Node57 , riskyWealth , 1102 , 0.0
SecondStage , Node57 , riskyWealth , 1103 , 0.0
SecondStage , Node57 , riskyWealth , 1104 , 997008.973081
SecondStage , Node57 , riskyWealth , 1108 , 0.0
SecondStage , Node57 , SecondStageWealth , None , 999980.059821
SecondStage , Node56 , riskFreeWealth , None , 0.0
SecondStage , Node56 , riskyWealth , 1101 , 0.0
SecondStage , Node56 , riskyWealth , 1102 , 0.0
SecondStage , Node56 , riskyWealth , 1103 , 0.0
SecondStage , Node56 , riskyWealth , 1104 , 997008.973081
SecondStage , Node56 , riskyWealth , 1108 , 0.0
SecondStage , Node56 , SecondStageWealth , None , 1018494.51645
SecondStage , Node51 , riskFreeWealth , None , 0.0
SecondStage , Node51 , riskyWealth , 1101 , 0.0
SecondStage , Node51 , riskyWealth , 1102 , 0.0
SecondStage , Node51 , riskyWealth , 1103 , 0.0
SecondStage , Node51 , riskyWealth , 1104 , 997008.973081
SecondStage , Node51 , riskyWealth , 1108 , 0.0
SecondStage , Node51 , SecondStageWealth , None , 990957.128614
SecondStage , Node50 , riskyWealth , 1103 , 0.0
SecondStage , Node50 , riskyWealth , 1104 , 997008.973081
SecondStage , Node50 , riskyWealth , 1108 , 0.0
SecondStage , Node50 , riskFreeWealth , None , 0.0
SecondStage , Node50 , riskyWealth , 1101 , 0.0
SecondStage , Node50 , riskyWealth , 1102 , 0.0
SecondStage , Node50 , SecondStageWealth , None , 1012093.71884
SecondStage , Node53 , riskFreeWealth , None , 0.0
SecondStage , Node53 , riskyWealth , 1101 , 0.0
SecondStage , Node53 , riskyWealth , 1102 , 0.0
SecondStage , Node53 , riskyWealth , 1103 , 0.0
SecondStage , Node53 , riskyWealth , 1104 , 997008.973081
SecondStage , Node53 , riskyWealth , 1108 , 0.0
SecondStage , Node53 , SecondStageWealth , None , 1021505.48355
SecondStage , Node52 , riskFreeWealth , None , 0.0
SecondStage , Node52 , riskyWealth , 1101 , 0.0
SecondStage , Node52 , riskyWealth , 1102 , 0.0
SecondStage , Node52 , riskyWealth , 1103 , 0.0
SecondStage , Node52 , riskyWealth , 1104 , 997008.973081
SecondStage , Node52 , riskyWealth , 1108 , 0.0
SecondStage , Node52 , SecondStageWealth , None , 1022113.65902
SecondStage , Node68 , riskFreeWealth , None , 0.0
SecondStage , Node68 , riskyWealth , 1101 , 0.0
SecondStage , Node68 , riskyWealth , 1102 , 0.0
SecondStage , Node68 , riskyWealth , 1103 , 0.0
SecondStage , Node68 , riskyWealth , 1104 , 997008.973081
SecondStage , Node68 , riskyWealth , 1108 , 0.0
SecondStage , Node68 , SecondStageWealth , None , 993978.065803
SecondStage , Node69 , riskFreeWealth , None , 0.0
SecondStage , Node69 , riskyWealth , 1101 , 0.0
SecondStage , Node69 , riskyWealth , 1102 , 0.0
SecondStage , Node69 , riskyWealth , 1103 , 0.0
SecondStage , Node69 , riskyWealth , 1104 , 997008.973081
SecondStage , Node69 , riskyWealth , 1108 , 0.0
SecondStage , Node69 , SecondStageWealth , None , 1011096.70987
SecondStage , Node60 , riskyWealth , 1108 , 0.0
SecondStage , Node60 , riskFreeWealth , None , 0.0
SecondStage , Node60 , riskyWealth , 1101 , 0.0
SecondStage , Node60 , riskyWealth , 1102 , 0.0
SecondStage , Node60 , riskyWealth , 1103 , 0.0
SecondStage , Node60 , riskyWealth , 1104 , 997008.973081
SecondStage , Node60 , SecondStageWealth , None , 1007038.88335
SecondStage , Node61 , riskFreeWealth , None , 0.0
SecondStage , Node61 , riskyWealth , 1101 , 0.0
SecondStage , Node61 , riskyWealth , 1102 , 0.0
SecondStage , Node61 , riskyWealth , 1103 , 0.0
SecondStage , Node61 , riskyWealth , 1104 , 997008.973081
SecondStage , Node61 , riskyWealth , 1108 , 0.0
SecondStage , Node61 , SecondStageWealth , None , 997248.255234
SecondStage , Node62 , riskFreeWealth , None , 0.0
SecondStage , Node62 , riskyWealth , 1101 , 0.0
SecondStage , Node62 , riskyWealth , 1102 , 0.0
SecondStage , Node62 , riskyWealth , 1103 , 0.0
SecondStage , Node62 , riskyWealth , 1104 , 997008.973081
SecondStage , Node62 , riskyWealth , 1108 , 0.0
SecondStage , Node62 , SecondStageWealth , None , 1014626.12164
SecondStage , Node63 , riskFreeWealth , None , 0.0
SecondStage , Node63 , riskyWealth , 1101 , 0.0
SecondStage , Node63 , riskyWealth , 1102 , 0.0
SecondStage , Node63 , riskyWealth , 1103 , 0.0
SecondStage , Node63 , riskyWealth , 1104 , 997008.973081
SecondStage , Node63 , riskyWealth , 1108 , 0.0
SecondStage , Node63 , SecondStageWealth , None , 1008115.65304
SecondStage , Node64 , riskFreeWealth , None , 0.0
SecondStage , Node64 , riskyWealth , 1101 , 0.0
SecondStage , Node64 , riskyWealth , 1102 , 0.0
SecondStage , Node64 , riskyWealth , 1103 , 0.0
SecondStage , Node64 , riskyWealth , 1104 , 997008.973081
SecondStage , Node64 , riskyWealth , 1108 , 0.0
SecondStage , Node64 , SecondStageWealth , None , 1010029.91027
SecondStage , Node65 , riskFreeWealth , None , 0.0
SecondStage , Node65 , riskyWealth , 1101 , 0.0
SecondStage , Node65 , riskyWealth , 1102 , 0.0
SecondStage , Node65 , riskyWealth , 1103 , 0.0
SecondStage , Node65 , riskyWealth , 1104 , 997008.973081
SecondStage , Node65 , riskyWealth , 1108 , 0.0
SecondStage , Node65 , SecondStageWealth , None , 984925.224327
SecondStage , Node66 , riskyWealth , 1101 , 0.0
SecondStage , Node66 , riskyWealth , 1102 , 0.0
SecondStage , Node66 , riskyWealth , 1103 , 0.0
SecondStage , Node66 , riskyWealth , 1104 , 997008.973081
SecondStage , Node66 , riskyWealth , 1108 , 0.0
SecondStage , Node66 , riskFreeWealth , None , 0.0
SecondStage , Node66 , SecondStageWealth , None , 991674.975075
SecondStage , Node67 , riskFreeWealth , None , 0.0
SecondStage , Node67 , riskyWealth , 1101 , 0.0
SecondStage , Node67 , riskyWealth , 1102 , 0.0
SecondStage , Node67 , riskyWealth , 1103 , 0.0
SecondStage , Node67 , riskyWealth , 1104 , 997008.973081
SecondStage , Node67 , riskyWealth , 1108 , 0.0
SecondStage , Node67 , SecondStageWealth , None , 990508.474576
SecondStage , Node88 , riskFreeWealth , None , 0.0
SecondStage , Node88 , riskyWealth , 1101 , 0.0
SecondStage , Node88 , riskyWealth , 1102 , 0.0
SecondStage , Node88 , riskyWealth , 1103 , 0.0
SecondStage , Node88 , riskyWealth , 1104 , 997008.973081
SecondStage , Node88 , riskyWealth , 1108 , 0.0
SecondStage , Node88 , SecondStageWealth , None , 1012352.94118
SecondStage , Node89 , riskFreeWealth , None , 0.0
SecondStage , Node89 , riskyWealth , 1101 , 0.0
SecondStage , Node89 , riskyWealth , 1102 , 0.0
SecondStage , Node89 , riskyWealth , 1103 , 0.0
SecondStage , Node89 , riskyWealth , 1104 , 997008.973081
SecondStage , Node89 , riskyWealth , 1108 , 0.0
SecondStage , Node89 , SecondStageWealth , None , 1020997.00897
SecondStage , Node82 , riskFreeWealth , None , 0.0
SecondStage , Node82 , riskyWealth , 1101 , 0.0
SecondStage , Node82 , riskyWealth , 1102 , 0.0
SecondStage , Node82 , riskyWealth , 1103 , 0.0
SecondStage , Node82 , riskyWealth , 1104 , 997008.973081
SecondStage , Node82 , riskyWealth , 1108 , 0.0
SecondStage , Node82 , SecondStageWealth , None , 993828.514457
SecondStage , Node83 , riskyWealth , 1103 , 0.0
SecondStage , Node83 , riskyWealth , 1104 , 997008.973081
SecondStage , Node83 , riskyWealth , 1108 , 0.0
SecondStage , Node83 , riskFreeWealth , None , 0.0
SecondStage , Node83 , riskyWealth , 1101 , 0.0
SecondStage , Node83 , riskyWealth , 1102 , 0.0
SecondStage , Node83 , SecondStageWealth , None , 1004376.86939
SecondStage , Node80 , riskFreeWealth , None , 0.0
SecondStage , Node80 , riskyWealth , 1101 , 0.0
SecondStage , Node80 , riskyWealth , 1102 , 0.0
SecondStage , Node80 , riskyWealth , 1103 , 0.0
SecondStage , Node80 , riskyWealth , 1104 , 997008.973081
SecondStage , Node80 , riskyWealth , 1108 , 0.0
SecondStage , Node80 , SecondStageWealth , None , 1011226.32104
SecondStage , Node81 , riskFreeWealth , None , 0.0
SecondStage , Node81 , riskyWealth , 1101 , 0.0
SecondStage , Node81 , riskyWealth , 1102 , 0.0
SecondStage , Node81 , riskyWealth , 1103 , 0.0
SecondStage , Node81 , riskyWealth , 1104 , 997008.973081
SecondStage , Node81 , riskyWealth , 1108 , 0.0
SecondStage , Node81 , SecondStageWealth , None , 1020368.89332
SecondStage , Node86 , riskFreeWealth , None , 0.0
SecondStage , Node86 , riskyWealth , 1101 , 0.0
SecondStage , Node86 , riskyWealth , 1102 , 0.0
SecondStage , Node86 , riskyWealth , 1103 , 0.0
SecondStage , Node86 , riskyWealth , 1104 , 997008.973081
SecondStage , Node86 , riskyWealth , 1108 , 0.0
SecondStage , Node86 , SecondStageWealth , None , 1024765.70289
SecondStage , Node87 , riskFreeWealth , None , 0.0
SecondStage , Node87 , riskyWealth , 1101 , 0.0
SecondStage , Node87 , riskyWealth , 1102 , 0.0
SecondStage , Node87 , riskyWealth , 1103 , 0.0
SecondStage , Node87 , riskyWealth , 1104 , 997008.973081
SecondStage , Node87 , riskyWealth , 1108 , 0.0
SecondStage , Node87 , SecondStageWealth , None , 971694.915254
SecondStage , Node84 , riskyWealth , 1108 , 0.0
SecondStage , Node84 , riskFreeWealth , None , 0.0
SecondStage , Node84 , riskyWealth , 1101 , 0.0
SecondStage , Node84 , riskyWealth , 1102 , 0.0
SecondStage , Node84 , riskyWealth , 1103 , 0.0
SecondStage , Node84 , riskyWealth , 1104 , 997008.973081
SecondStage , Node84 , SecondStageWealth , None , 987836.490528
SecondStage , Node85 , riskFreeWealth , None , 0.0
SecondStage , Node85 , riskyWealth , 1101 , 0.0
SecondStage , Node85 , riskyWealth , 1102 , 0.0
SecondStage , Node85 , riskyWealth , 1103 , 0.0
SecondStage , Node85 , riskyWealth , 1104 , 997008.973081
SecondStage , Node85 , riskyWealth , 1108 , 0.0
SecondStage , Node85 , SecondStageWealth , None , 993090.727817
SecondStage , Node77 , riskFreeWealth , None , 0.0
SecondStage , Node77 , riskyWealth , 1101 , 0.0
SecondStage , Node77 , riskyWealth , 1102 , 0.0
SecondStage , Node77 , riskyWealth , 1103 , 0.0
SecondStage , Node77 , riskyWealth , 1104 , 997008.973081
SecondStage , Node77 , riskyWealth , 1108 , 0.0
SecondStage , Node77 , SecondStageWealth , None , 999760.717846
SecondStage , Node76 , riskFreeWealth , None , 0.0
SecondStage , Node76 , riskyWealth , 1101 , 0.0
SecondStage , Node76 , riskyWealth , 1102 , 0.0
SecondStage , Node76 , riskyWealth , 1103 , 0.0
SecondStage , Node76 , riskyWealth , 1104 , 997008.973081
SecondStage , Node76 , riskyWealth , 1108 , 0.0
SecondStage , Node76 , SecondStageWealth , None , 1004845.46361
SecondStage , Node75 , riskFreeWealth , None , 0.0
SecondStage , Node75 , riskyWealth , 1101 , 0.0
SecondStage , Node75 , riskyWealth , 1102 , 0.0
SecondStage , Node75 , riskyWealth , 1103 , 0.0
SecondStage , Node75 , riskyWealth , 1104 , 997008.973081
SecondStage , Node75 , riskyWealth , 1108 , 0.0
SecondStage , Node75 , SecondStageWealth , None , 1004945.16451
SecondStage , Node74 , riskFreeWealth , None , 0.0
SecondStage , Node74 , riskyWealth , 1101 , 0.0
SecondStage , Node74 , riskyWealth , 1102 , 0.0
SecondStage , Node74 , riskyWealth , 1103 , 0.0
SecondStage , Node74 , riskyWealth , 1104 , 997008.973081
SecondStage , Node74 , riskyWealth , 1108 , 0.0
SecondStage , Node74 , SecondStageWealth , None , 1010737.78664
SecondStage , Node73 , riskyWealth , 1101 , 0.0
SecondStage , Node73 , riskyWealth , 1102 , 0.0
SecondStage , Node73 , riskyWealth , 1103 , 0.0
SecondStage , Node73 , riskyWealth , 1104 , 997008.973081
SecondStage , Node73 , riskyWealth , 1108 , 0.0
SecondStage , Node73 , riskFreeWealth , None , 0.0
SecondStage , Node73 , SecondStageWealth , None , 972741.774676
SecondStage , Node72 , riskFreeWealth , None , 0.0
SecondStage , Node72 , riskyWealth , 1101 , 0.0
SecondStage , Node72 , riskyWealth , 1102 , 0.0
SecondStage , Node72 , riskyWealth , 1103 , 0.0
SecondStage , Node72 , riskyWealth , 1104 , 997008.973081
SecondStage , Node72 , riskyWealth , 1108 , 0.0
SecondStage , Node72 , SecondStageWealth , None , 1003399.8006
SecondStage , Node71 , riskFreeWealth , None , 0.0
SecondStage , Node71 , riskyWealth , 1101 , 0.0
SecondStage , Node71 , riskyWealth , 1102 , 0.0
SecondStage , Node71 , riskyWealth , 1103 , 0.0
SecondStage , Node71 , riskyWealth , 1104 , 997008.973081
SecondStage , Node71 , riskyWealth , 1108 , 0.0
SecondStage , Node71 , SecondStageWealth , None , 1022003.98804
SecondStage , Node70 , riskFreeWealth , None , 0.0
SecondStage , Node70 , riskyWealth , 1101 , 0.0
SecondStage , Node70 , riskyWealth , 1102 , 0.0
SecondStage , Node70 , riskyWealth , 1103 , 0.0
SecondStage , Node70 , riskyWealth , 1104 , 997008.973081
SecondStage , Node70 , riskyWealth , 1108 , 0.0
SecondStage , Node70 , SecondStageWealth , None , 1009890.32901
SecondStage , Node79 , riskFreeWealth , None , 0.0
SecondStage , Node79 , riskyWealth , 1101 , 0.0
SecondStage , Node79 , riskyWealth , 1102 , 0.0
SecondStage , Node79 , riskyWealth , 1103 , 0.0
SecondStage , Node79 , riskyWealth , 1104 , 997008.973081
SecondStage , Node79 , riskyWealth , 1108 , 0.0
SecondStage , Node79 , SecondStageWealth , None , 1002113.65902
SecondStage , Node78 , riskyWealth , 1103 , 0.0
SecondStage , Node78 , riskyWealth , 1104 , 997008.973081
SecondStage , Node78 , riskyWealth , 1108 , 0.0
SecondStage , Node78 , riskFreeWealth , None , 0.0
SecondStage , Node78 , riskyWealth , 1101 , 0.0
SecondStage , Node78 , riskyWealth , 1102 , 0.0
SecondStage , Node78 , SecondStageWealth , None , 1021276.17149
